text,label,source,length
"[no-politics] What's happening this weekend? 24/May/2025 Now we're done with the Friday venting, what's good in life? Got a new job? Have a date? Going out to a socially distanced restaurant? Climbing, sailing, riding or just working up a hard-earned thirst?",Australian,reddit/Australia,258
"Woolworths coffee loses Fairtrade certification...price stays the same ü´† How a company cannot is unable to pay the ***bare minimum*** to constitute a living wage is beyond me. To ***LOSE*** certification is abhorrent, especially with balloning profits. And then there's the fact that despite not paying Peruvian workers properly, the price hasn't reduced here- oh and it's still mistakenly labelled as Fairtrade. Who's best to report this to?",Australian,reddit/Australia,442
"Man with disability creates 3D printed wheelchair accessories Hello! I am a man with Cerebal Palsy that has been designing 3D printed wheelchair accessories for the past year. They have made my life so much easier and I now want to share them with the world... Currently avaliable on my website are sunshades for the V6 chair (R-net CJSM2 Controller), Magic chairs (R-net JSM Controller) and Quantum controllers (Q-Logic 3). I am also currently working on adjustable phone holders, portable tables, bowls and cup holders, which will be uploaded to the website shortly. So go and have look! Happy to answer any questions that you might have. Your support and feedback is much appreciated. Enjoy! Stay Awesome!",Australian,reddit/Australia,708
"Private health ins for kids with autism? I‚Äôm doing a bit of legwork on behalf of a friend with limited English. Long story short he has a 3 year old son who is likely to be diagnosed with fairly severe autism (once he can get in to see a specialist). I understand most preexisting conditions require a 12 month waiting period and thats fine, but I‚Äôm having trouble identifying policies that cover things like speech therapy and other development related Family has a fair number of other ongoing medical issues, so good private coverage is probably best in any event (even though they are well below the levy threshold) as public appointments are rare as hen‚Äôs teeth where we are. Does anyone have experience and have recommendations for solid private coverage, with an emphasis on the aspects mentioned above? Thank you! Edit: i should mention that he‚Äôs also pursuing ndis as well, but what a fucking labyrinth that is. It‚Äôs hard to keep everything straight as he‚Äôs been sent to so many places but the latest word is that the only places he can get in to get ndis diagnosis in a relatively short period of time are gojng to be private. He will do what he must to pay for it in the short term, but as his son will likely require long term treatment, i was thinking private insurance might‚Äîin this instance‚Äîpay off. He does have centrelink cards, etc. If that changes anything. EDIT EDIT: dear all, thank you SO MUCH for the advice and insight. I really appreciate it. I will be meeting my friend tomorrow and will be making some phone calls. We‚Äôve been in touch with so many different people and they keep saying we need a diagnosis before they can act, so this has been very, very helpful. Negative knowledge (i.e., private health insurance is not a good option for this) is also very useful. Let‚Äôs me focus on more productive avenues. Thanks again, i‚Äôm quite moved by all the helpful info. Edit edit edit: ok I‚Äôve received some more emails from my friend. Someone from EACH came to his house last week and sent a followup email. They said: **‚ÄùIf you are worried about [son] being on the autism spectrum you can have him assessed by a Paediatrician. You can be referred to a paediatrician by your GP and there is the public paediatricians but the wait time to see them is quite long or you are able to go privately but there is a cost you will have to pay for this. ‚Äú** Also: **‚ÄùHere are 2 speech therapists that have said they have possible space to take on new children, they are private so there will be a cost involved‚Äù** So i‚Äôm confused. What does EACH do besides send us to private practices with no financial support? i‚Äôll call tomorrow for clarification, but for the most part their advice has simply been to go pay a paediatrician and go pay for speech therapy. I mean, yeah, ok, but is that really the extent of their assistance? Oh and they had some basic advice on how to encourage him to speak (he‚Äôs nonverbal) and sent a link to a playgroup website‚Ä¶. The support is underwhelming, especially when they know the family has limited English and limited literacy‚Ä¶",Australian,reddit/Australia,3074
"Any recommendations to make a photobook? I‚Äôve previously used Big W, but wondered what Snapfish, Mixbook and Vistaprint were like? My amazing holiday deserves an amazing photobook ‚ò∫Ô∏è Thank you!",Australian,reddit/Australia,193
Why can't we find in colesworth/ALDI/IGA 2 litre bottles of soy milk? The stuff lasts longer than cow milk; surely a larger container is not a risk. I end up just having to buy more little 1L bottles to satiate family needs... seems like a waste to me...,Australian,reddit/Australia,254
"10:45am > 11:16am - That's how long ads run before a movie starts. Paid $30 to watch 31 minutes of ads before movie starts. Yea, ""just get there later"" - but I don't go to the movies much so wasn't sure. There were admittedly 3 trailers as well, but about 20 minutes of ads total. Insane that movies cost so much AND they ram that many ads down your throat.",Australian,reddit/Australia,357
Found this gem - Sydney 2000 Olympics ticket still in pristine condition Anyone happen to know which countries were playing that day?,Australian,reddit/Australia,133
"Australia best water within 3 months of using RCC7AK I've installed the filter in the first week of March, and this photo was taken today. Have you guys noticed this? Location: Melbourne East Supplier: Southeastwater Reference:",Australian,reddit/Australia,227
"Household size has halved as average house size has doubled. What are you doing with all your extra space? As you will see on google maps, new houses are enormous compared to older generation houses, so I was curious as to what people are doing with all the additional space? Average household size of 4.5 people in 1911 has dropped to 2.5 in 2024. Houses in the 1950's were 100 square metres, and are now 230+ square metres. Even looking at homes from the 1970s and 80s, they have such a smaller footprint, but they don't feel small. They were a big step up from the 50s and usually had two lounge rooms. If 2020 houses are even larger than this, what are the extra rooms we now have that we did not need before?",Australian,reddit/Australia,713
"Insurance is such a scam. Year on year is appalling. $6,799 drop in ""Agreed Value"", $139.35 increase in base premium. Just a huge money-making scheme.",Australian,reddit/Australia,150
"Shoutout to all the volunteers that have rescued people in the floods It‚Äôs national volunteer week and I think we should all give a shoutout to the volunteers that are rescuing hundreds of people. They‚Äôre all heroes who dedicate so many hours and weeks to helping others in need. Many are not even paid to do this. In floods, bushfires and whatever disasters, these guys are the real heroes. *They rescued over 400 people these past few days!!*",Australian,reddit/Australia,444
"Lunch guests' illnesses were 'not survivable', doctor tells Erin Patterson trial Lunch guests' illnesses were 'not survivable', doctor tells Erin Patterson trial. A doctor has detailed the final moments of three lunch guests who died from death cap mushroom poisoning after attending a lunch at Erin Patterson's house.",Australian,reddit/Australia,318
"Getting a copper IUD Just scheduled an appointment to get a copper IUD, but the OBGYN receptionist seemed very surprised on the phone. Said she hadn‚Äôt heard of anyone getting them in 20 years! Am I crazy? I thought copper IUDs were still very much in use. EDIT: Thank you to everyone for your insights! I really appreciate it. Lovely to hear from so many women about your experiences. I‚Äôm always a bit nervous about any medical procedure so it‚Äôs a big relief to get direct information from people who‚Äôve gone through it/been close to it. Thank you.",Australian,reddit/Australia,548
"Why are hospitality venue owners so stubborn/small/backwards/stuck in the past thinking? I recently completed a 3 night trial at a venue in a capital city. During the interview I was told ¬∑ the venue was 4 stories high (3 active floors and a basement used for private functions, weeknights and spillover) ¬∑ That ownership has 4 venues ¬∑ It‚Äôs a party (owners favourite word) venue ¬∑ The management structure is venue manager, assistant venue manager, supervisors (up to 4) ¬∑ Management (all levels) should be on the floor as much as possible and rarely in the office ¬∑ Ownership has been collecting data on patronage, volume of sales, volume of drinks per patron etc and developed KPIs to match for each night ¬∑ A whiskey bar with over 30 whiskeys and other spirits (advertised on website) When in reality ¬∑ The venue is currently only operating the basement room (which is a dark, dingy, dungeon like space without any of the cool dungeon appeal) ¬∑ Its actually 2 venues ¬∑ The atmosphere does not lend itself to ‚Äòparty‚Äô ¬∑ There is no assistant venue manager, just VM and the sole supervisor role I am doing a trial for ¬∑ The VM spends half of the night in the office uploading data into the system for ownership to keep track of ‚Äì including how many promo cards are handing out on the street vs handed in at the door for discounted entry (which is fine) ‚Äì but to be physically uploaded as data into the system every hour ¬∑ The KPIs are measured down the person per hour as expectations (in attendance and then spending volume) ‚Äì the VM seemed under immense stress to hit ‚Äòtargets/projections‚Äô (not enough people coming through the door was apparently the fault of the promo people in the street, once inside not enough spend per patron was management and bars fault) ¬∑ Bar staff are encouraged to try upsell patrons drink order towards a more expensive drink (I believe you do that maybe once on their first drink, but as a bartender you get what someone wants, you do not tell them what they want) ‚Äì also to move patrons on from beer to spirits as soon as possible as the profit margin is higher and also alcohol to get them to spend more money ¬∑ Was told point blank by manager of other venue while discussing ideas to improve business that ‚Äòyou keep them to yourself for at least 6 months, ownership doesn‚Äôt want to hear it‚Äô ¬∑ Whiskey bar is part of the venue not being used ‚Äì but none of the drinks made their way down to the 1 bar still in use ¬∑ There is no active social media ¬∑ And the bit that got me undone ‚Äì health and safety out the window ‚Äì I had to mop up a scene after a guy in a wheelchair was forced to urinate on the floor in the space before the toilets because there was no ramp to allow wheelchair access over the 3 stairs (heritage listed buildings don‚Äôt have to comply with disability access, but no access to toilets is a step to far for me that is discrimination) ‚Äì but no wet floor signs, no gloves the next night for a staff member to clean up spew in a basin, no rubber mats on the floor behind the bar, rips in the carpet that catch shoes and the feet of barstools, steps that are unlit and trip hazards) and staff and patrons openly vaping in the venue despite it being completely against the law - and me being the arsehole for telling people to stop it. At the end of the trial (so around 4am on the Sunday morning) I was offered the supervisor role by the VM but expressed concerns regarding the operations of the business and particularly the lack of health and safety practices, and said I had to think about it, but would be likely back as I feel I can make a difference. I received a phone call around 6pm that Sunday night telling me I was not required as there were ‚Äòother trials‚Äô being conducted. I texted the General Manager (who had been my contact) asking if matter could be discussed, the reply was ‚ÄòYou are not the right fit‚Äô and they are currently readvertising. Unfortunately, this isn‚Äôt the first venue I have been at where ownership seems to only care about their own profit regardless of anything else (and if business isn‚Äôt doing well then cut corners and blame staff) and their own ego (and definitely not being challenged). I might be a bit old school ‚Äì but I believe that profits will come if you earn them ‚Äì ie, good product, good service, happy customers, good advertising (which is basically free in a social media age, if you do it), reputations (this venues one is down the drain I was told on the street) and the ability to keep staff instead of advertising constantly. It shouldn't feel like an episode of Kitchen Nightmares with Gordon Ramsay where everyone, but the owner knows what is wrong with the business and generally agrees how to improve it (and wants too), but ownership refuses to change and just blames the staff and customers. But, I guess that is why I am not an owner.. or in this case a supervisor any more either - have a feeling I am not the only hospo worker in the same situation",Australian,reddit/Australia,4960
Is Alinta Energy any good? I‚Äôm with AGL for my Electricity and Gas plans but getting much better rates from Alinta Energy. Can anyone with Alinta confirm if they are generally good? I‚Äôm in Victoria.,Australian,reddit/Australia,198
"Google won't answer my question unless it's sponsored. I need SHEETS I am a shift worker I enjoy perfecting my sleep hygiene and it was only in the last 5 years I have discovered the importance of good sheets. I always got them from Kmart thinking ""how much better can it be"". I was wrong. I've had a taste. I USED to get them from canningvale and I've had a good 4 or so years. The last 2 sets I bought I fell apart super quick. Does anyone have any good recommendations. Canningvale is out, KOO (spotlight) is out. 1000tc, bamboo, mostly cotton blend. I'm after some real experiences.",Australian,reddit/Australia,586
Oh Melbourne cheap wholesome family fun.. where did you go Not puffing Billy I guess. Fairdinkum insane pricing. Check this out.,Australian,reddit/Australia,128
"Battery rebate scheme. Even with the rebate, on my current provider I would only just break even on Feed in Tariffs, which I believe are set to reduce. Don‚Äôt get me wrong, I understand and accept why. Would it be feasible for energy suppliers to offer a discount on supply charges, if a battery can ensure energy is only exported at night and your property‚Äôs full energy requirements are met? Im aware of Virtual Power Plant set ups, but some of those seem dodgy and either shorten the lifespan of a battery or have small print around peak supply charges since control of battery system is surrendered to a third party.",Australian,reddit/Australia,619
"Best car headlight restorer polish - Aussie Asking here and not in a car sub as I want to buy in Aussie stores and not wait 2 weeks for online order, TYVM and cheers for suggestions",Australian,reddit/Australia,181
"before I buy a third modem, I thought it worth asking if anyone has had any inexplicable problems with their internet recently? we‚Äôve been having major speed and dropout issues with our internet for about 6 months, across 2 different modems and 2 ISPs. I and our current ISP are baffled because from their end everything looks fine, and the speeds I get from speedtest.net are extremely good, but our internet is virtually unusable, wired or wireless, on phones and on laptops. It seems likely that we‚Äôve just had 2 shitty modems in a row but I‚Äôm wondering if there‚Äôs something I haven‚Äôt thought of yet or if it could somehow be an NBN issue",Australian,reddit/Australia,641
"Insurance Complaint Resolution I‚Äôve never had a bloody awful experience with insurance until I had to make a claim. After 6 weeks of being told the wrong thing, being promised it would be taken care of as a priority, not being told my actual options, and having the verbal and written information submitted to support my claim completely ignored‚Ä¶ the icing on the turd was being told that all insurance companies under the Suncorp parent corporation were being inundated with complaints (because they really, really suck at their jobs) - I was advised by a friend to lodge a complaint with the AFCA. I am now certain that the Australian Financial Complaints Authority is used by insurance companies to terrify their staff. ‚ÄúIf you don‚Äôt behave, the AFCA will come and eat you.‚Äù They went from, ‚ÄúWe will look at your complaint in 30 days‚Ä¶‚Äù to a personalised phone call, financial compensation and immediate action on all the points of my complaint within 24 hours of my complaint to the AFCA being sent to them. The AFCA are scary as Hell üòÇ",Australian,reddit/Australia,1039
"Energy Australia what are they doing? After Energy Australia has been forced to send an email to customers about the failure of carbon reduction program, why would Energy Australia kill their best rates and force customers onto new plans or move to other providers?",Australian,reddit/Australia,265
"Why wouldn't I buy an iPhone 16 outright? The Mrs is looking to upgrade from her old iPhone (9? It's 5 or6 years old) to the standard iPhone 16 256 GB. I was thinking I'd look at what the usual suspects are offering as it used to be you'd get the phone cheaper if you signed up for however many years with a provider. However, from a bit of a look around, all the major ones seem to provide the phone for the same price as rrp. I remember I got my s21 at jb hifi on a 12 month telstra plan for around 500 cheaper than buying it outright, is this no longer the case and we'd just be better off buying outright and getting a 12 month prepaid plan as the cheapest option?",Australian,reddit/Australia,668
Collingwood vs Hawthorn Hey guys I‚Äôve got a ticket for section Q33 for next Friday‚Äôs game and my mates got a seat in Q26 at the MCG Do you reckon we can still find and sit next to each other? Like do security care or whats the situation you reckon? Much appreciated,Australian,reddit/Australia,265
"Triple J can fuck right off I've been living overseas for the last 17 years, where the radio is actually good and there's tons of non-commercial options so don't give me that crap about how JJJ doesn't do ads when all they do is ads for festivals or other crap. Don't believe me check for anything in Europe. Been in Australia now about 2 weeks and my roommate is listening to Triple-J every morning before work. This has been the lineup every single fucking morning for the last 2 weeks now. * Some dubstep shit from Skrillex (at fucking SEVEN or EIGHT in the morning) * PinkPantheress - Calling Tonight * BLAHBLAHBLAHBLAH ON THE BAAALLCOONNYYYYY, ON THE BALCONYYYY * Some degen shit from 'theweekend' about getting a girl wasted and getting his dick wet for the 3438349823th time * Some other rapey garbage from some other artist, no idea the name but it's on every morning ----- Small break to talk about dildos/vibrators, mental illness and how HYYYYPPEEDD they are for some new garbage single that's about to drop ----- * Pretentious garden variety UK brainrot hiphop * Travis Scott - (literally anything) * the guys who sing about fruit and food (aka Glass Animals) * fuckshitcunt rap track with tons of swearing number #923728656 * Some actual dece Aussie battler band which I care to Shazam You guys do know right that this garbage is giving you all brain damage? If you're going to parrot ""Triple J has their demographic down!!"" can you at least admit that demographic is fucking braindead. Also, Lucy is not funny and never will be. This station sucks ass. Whoever is responsible, thanks cunt. EDIT: You cunts defending JJJ probably cried real tears when Buzzfeed got shut down.",Australian,reddit/Straya,1688
A tinny in the tub Spotted in Cairns today and had a bit of a laugh. Why tow it when you can chuck it in the tub?,Australian,reddit/Straya,113
"About to launch a second-hand marketplace in SEQ ‚Äî would love your feedback Hey legends, I‚Äôm a 17-year-old based in SEQ and I‚Äôve just launched my own small business called **TrustFind** ‚Äî a second-hand marketplace where **every product is verified before it reaches the buyer**. I got tired of people (including myself) getting scammed on Facebook Marketplace, Gumtree, etc., so I built a platform where I personally inspect each item before it's shipped to the customer. For now, I‚Äôm starting small ‚Äî just listing phones, PC parts, electronics and gear I know how to test properly ‚Äî but I plan to scale it into something big. üìß **Contact**: If you‚Äôve got a second, I‚Äôd love any feedback ‚Äî or even a cheeky share if you know someone who‚Äôs had a bad experience buying used gear. Remember the name TrustFind guys. I'll report back to this group once I launch Cheers üôè ‚Äî Matt from TrustFind",Australian,reddit/Straya,887
"Mates, am I the only one grooving to this? Mates, I freakin' love this Toys for Joys advert. I reckon it's the best jingle on the idiot box at the moment. When I hear that little chant ""*Whoa-oh-oh-oh*"" calling, me Uggies start shufflin'! Anyone else finding; *Like I want to move move & don't want to shake shake*?",Australian,reddit/Straya,315
"NSFW, play this one at home. What can I say beyond that expressing shame or posting this.",Australian,reddit/Straya,89
"Chemist Warehouse is a cult masquerading as a chain chemist What‚Äôs on in the warehouse? Occult satanic rituals. These squalid fucks want to pump you full of vitamin Z and Red 40 for their low low price or $479.99. Have you tried Manuka honey as part of your daily wellness routine? Yes, I take that after I eat an entire jar of saffron and two belugas worth of caviar, but before I drink my pint of baby blood. Thanks for asking. Their smiles, their voices pierce my soul. Their perfect hair and unfaltering persona etching themselves into my very consciousness and sense of being. Their goal? World domination, eternal suffering for the proletariat are my best guesses, but hell if their skin isn‚Äôt glowing radiantly from the 18 vitamins they intravenously inject per hour. Honestly I‚Äôm scared. They keep asking the same question, a brooding thought which lurks in the background. What‚Äôs on‚Ä¶ what‚Äôs on‚Ä¶ a question to which I have no reply, as none can come from a jaw gaping so wide at the atrocities I bear witness to. These people are not people at all, but rather emotionless helldogs, brutalist mercenaries of big pharma, the major banks, and the lizard people, rolled into perfectly manicured, moisturised clumps of evil which emanate nil but unbridled, sickly temptation and lust for a life inaccessible to those crushed like ants under their ozempic flavoured boot (now sold in blue).",Australian,reddit/Straya,1392
"""I Hate Album Names"": Chris Penney On '¬Ø\_(„ÉÑ)_/¬Ø', Jokes Without Punchlines, and The Public Genius Of Private Function (TPD #232) *""For our next guest episode, we‚Äôre joined by none other than the formidable* ***Chris Penney****: Carlton Dry agnostic, N2O evangelist, Mandela Effect proponent, all-round good bloke, and stage-averse vocalist for Naarm/Melbourne party starters* ***Private Function****.* *With a new full-length album on the way‚Äìthe animatedly titled ‚Äò¬Ø\\\_(„ÉÑ)\_/¬Ø‚Äô‚ÄìChris chats about stadium tours with meh bands, why concept albums are mostly bullshit, getting stranded during cyclones, how to level up the band‚Äôs antics from state bans and LP‚Äôs full of literal piss, the ecstatic joy of writing simple punk songs, and why Australians are fascinated by big (and sometimes terrifying) statues of inanimate objects.""* **Watch/listen:**",Australian,reddit/Straya,849
Where can I get 24 nugs for $10 in Melbourne Pining for the old days of 2 years ago. $12 at Maccas is just enough to push me over the edge.,Australian,reddit/Straya,139
Best footy motivation speech ever I am ready to lace on a pair of boots after that speech,Australian,reddit/Straya,89
"What happened to me fish fingers?! $5.50 for TEN fish fingers. $12 for 30. Man there was once a time where you could buy a beautiful white carton of these home brand fish flavoured monstrosities for a few bucks. Those homebrand frozen hamburgers? Wretched. They would run off with that orange fat that would make dim sims look like salad. Don't exist anymore. Even homebrand hand wash. I don't want a $10 refill pouch of some fancy lime scented Byron Bay home made nutrition goddess eco friendly fancy grey water safe greenwashed soap. Once upon a time, there was a dandy two dollar option that just made my life easy. Okay the last one is a stretch because it's just fucken soap and you can use literally any kind of soap. But a fish finger sandwich feels like a lush item when there used to always be a box of em always in the freezer. Where did the fish fingers go? üò¢",Australian,reddit/Straya,870
"Looking old radio play, From Murwillumbah to Rangoon, about a drive on acid. I have a tape that I recorded off JJJ in the 90s but nothing to play it in now and it's missing the start and a bit in the middle when the tape ran out. It's one bloke speaking and he's narrating his drive in the bush. He's absolutely off his tree on acid. He refers to the windscreen as the viewing port. There's sound effects and stuff and it's probably at least an hour long. I can't find anything about it on the internet, results are polluted with AI trying to help me make travel plans. Does anyone remember this and some more clues to help me buy a legitimate copy?",Australian,reddit/Straya,649
"All that money, all those texts‚Ä¶. Not a single seat! If Clive and his gang wanted to do some good for Australia at the next election, just donate all that money to the Salvos or something like that.",Australian,reddit/Straya,198
"Oi mates help me find an old and possible obscure video Dunno why I thought of this random video I saw on some random YouTube or insta or maybe so old it might have been on vine. Anyway, bunch of young Aussie cunts inside sitting around having some beers, some derro looking mate is telling a story bout something, no idea what but at the end he laughs and takes a super ‚Äúaggressive‚Äù sip of his beer. Like he cranks his neck up takes a sip and goes back down so fast and it‚Äôs just ridiculous and funny. Anyone know what this is?",Australian,reddit/Straya,528
"Day in the life of a true Aussie bloke Understood most of it, but can someone tell me what he says at 0:22 after ""Crack the window""?",Australian,reddit/Straya,132
"How to get rid of arse hairs Its a fucking jungle in there and wiping takes fukin ages and like 200 rolls. I tried getting the wipper snipper in there but ended up chopping one of my balls off and it rolled off and went down the gutter, now I only have one left. What's your suggestion kuntz. Update: I had some more taco bell in hopes to burn the hairs off after a volcanic bowel explosion but ended up firing out at the wall and the wall burned down. Fml",Australian,reddit/Straya,456
Help maintaining a rental property I‚Äôm a single mother of two autistic children one who is eight years old and dealing with a very stressful incontinence issue. Our landlord has served us notice to evict us from the property due to issues that breached the tenancy agreement. In particular they wanted us to replace doors that had been damaged by my son I am dealing with a really horrible chronic pain issues that keeps me in bed most of of the time and it is extremely difficult for me to even get myself to do the basic stuff let alone clean the whole house myself I‚Äôm not sure where I should post this but we really need to replace the back and front screen doors as well as the main doors to rectify the breach the tenancy agreement. I was just wondering if anybody had any advice or could put me in the right direction. I‚Äôm at a bit of a loss right now,Australian,reddit/Straya,858
Akubra model shots are something else Most brands doing model shoots: 'Look seductive or cool and aloof' Akubra: ‚ÄôGaze into the camera like you're auditioning for a _Wolf Creek_ spinoff‚Äô,Australian,reddit/Straya,186
Cop car spins out and hoons rub it in Apologies for the horrible soundtrack but pretty funny imo,Australian,reddit/Straya,96
